<?xml version="1.0" encoding="utf-8"?><rulebase region="en-SG" timezone="Asia/Singapore"><entity text="Global" name="global" has-public-name="true" singleton="true"><attribute name="ea9f3b46-a1cb-4ef4-a29b-08c04f7bb7b2" has-public-name="false" type="Text" /><attribute name="4963dfd0-5bb8-48de-b2d8-a28acd9dbc19" has-public-name="false" type="Text" /><attribute name="20d56254-bfe3-40d1-b0be-0b1eefc9c034" has-public-name="false" type="Boolean" /><attribute name="ce1f9cea-7881-4233-bc25-17356d5878ab" has-public-name="false" type="Boolean" /><attribute name="06c5cc05-4c55-4b2f-8377-10f327944a96" has-public-name="false" type="Boolean" /><attribute name="6fc141e3-7cf0-40be-ba4a-5a45ae4a6faa" has-public-name="false" type="Boolean" /><attribute name="5efaf69e-d9d4-49eb-a041-7485a835b462" has-public-name="false" type="Boolean" /><attribute name="69844d87-f833-49e5-ba7a-b14665722981" has-public-name="false" type="Boolean" /><attribute name="5499b177-d090-441a-bebf-e4ac140b9c53" has-public-name="false" type="Boolean" /><attribute name="974d9914-f95e-4449-aa33-7e30001ae4a3" has-public-name="false" type="Boolean" /><attribute name="a97bde44-8ead-452f-b8f5-a5b02d72e5de" has-public-name="false" type="Boolean" /><attribute name="acca7bc0-4186-40c6-b429-954bea1ff441" has-public-name="false" type="Boolean" /><attribute name="d915e105-0337-475a-8c2d-e209b8633767" has-public-name="false" type="Boolean" /><attribute name="6c0dc7d0-6a06-4f95-aa36-25e8f7efd73f" has-public-name="false" type="Boolean" /><attribute name="e997f023-c878-4430-ac94-58a4e25b26dd" has-public-name="false" type="Boolean" /><attribute name="8efad562-fbcd-4b55-8318-3ea74d430533" has-public-name="false" type="Date" /><attribute name="cfc856a5-33ce-4ae5-a734-7f8521ddaa63" has-public-name="false" type="Text" /><attribute name="30d5c7ea-2599-403d-b52e-cc09e71e50cc" has-public-name="false" type="Date" /><attribute name="179a9ed8-ddc5-461a-bb7c-285cde9ab39b" has-public-name="false" type="Date" /><attribute name="f70e8130-979c-4eb9-8f48-485b11a51854" has-public-name="false" type="Date" /><attribute name="75908f1e-330e-4a04-a205-361bc9c678b5" has-public-name="false" type="Boolean" /><attribute name="894266af-2360-4d2a-b747-cef1ab9983a5" has-public-name="false" type="Number" /><attribute name="c0e4092c-e0a5-4d7b-a4e5-0733536917db" has-public-name="false" type="Number" /><attribute name="582eb072-c207-467a-9112-de236ea5d381" has-public-name="false" type="Number" /><attribute name="4d000172-95eb-4356-b1ac-7d9fe0b99818" has-public-name="false" type="Date" /><attribute name="dd10662b-6b0a-49fc-bc32-4fcf7a09082e" has-public-name="false" type="Date" /><attribute name="26248835-a658-4070-b1d8-94f30bcab703" has-public-name="false" type="Boolean" /></entity><rules module="MOM_Paternity_Leave:4BA282F7A34EADCD37A14B2DCDF3DABA"><conclude attr-id="6c0dc7d0-6a06-4f95-aa36-25e8f7efd73f" entity-id="global" scope-id="global0"><value><true-value /></value><condition><and><attribute attr-id="d915e105-0337-475a-8c2d-e209b8633767" /><attribute attr-id="acca7bc0-4186-40c6-b429-954bea1ff441" /><not><attribute attr-id="a97bde44-8ead-452f-b8f5-a5b02d72e5de" /></not><attribute attr-id="974d9914-f95e-4449-aa33-7e30001ae4a3" /><or><conclude attr-id="5499b177-d090-441a-bebf-e4ac140b9c53" entity-id="global" scope-id="global0"><value><true-value /></value><condition><and><attribute attr-id="69844d87-f833-49e5-ba7a-b14665722981" /><attribute attr-id="5efaf69e-d9d4-49eb-a041-7485a835b462" /></and></condition><otherwise><false-value /></otherwise></conclude><conclude attr-id="6fc141e3-7cf0-40be-ba4a-5a45ae4a6faa" entity-id="global" scope-id="global0"><value><true-value /></value><condition><and><attribute attr-id="06c5cc05-4c55-4b2f-8377-10f327944a96" /><attribute attr-id="ce1f9cea-7881-4233-bc25-17356d5878ab" /><attribute attr-id="20d56254-bfe3-40d1-b0be-0b1eefc9c034" /></and></condition><otherwise><false-value /></otherwise></conclude></or></and></condition><otherwise><false-value /></otherwise></conclude><conclude attr-id="894266af-2360-4d2a-b747-cef1ab9983a5" entity-id="global" scope-id="global0"><value><multiply><attribute attr-id="c0e4092c-e0a5-4d7b-a4e5-0733536917db" /><attribute attr-id="582eb072-c207-467a-9112-de236ea5d381" /></multiply></value></conclude><table-conclude entity-id="global" scope-id="global0"><condition-col><rows><condition><and><attribute attr-id="6c0dc7d0-6a06-4f95-aa36-25e8f7efd73f" /><or><attribute attr-id="75908f1e-330e-4a04-a205-361bc9c678b5" /><attribute attr-id="26248835-a658-4070-b1d8-94f30bcab703" /></or></and></condition><condition><and><attribute attr-id="6c0dc7d0-6a06-4f95-aa36-25e8f7efd73f" /><and><not><attribute attr-id="75908f1e-330e-4a04-a205-361bc9c678b5" /></not><not><attribute attr-id="26248835-a658-4070-b1d8-94f30bcab703" /></not></and></and></condition><empty /></rows></condition-col><conclusion-col attr-id="c0e4092c-e0a5-4d7b-a4e5-0733536917db"><value><number-value>2</number-value></value><value><number-value>1</number-value></value><value><uncertain-value /></value></conclusion-col></table-conclude><conclude attr-id="d915e105-0337-475a-8c2d-e209b8633767" entity-id="global" scope-id="global0"><value><true-value /></value><condition><equals><attribute attr-id="4963dfd0-5bb8-48de-b2d8-a28acd9dbc19" /><string-value>SG</string-value></equals></condition><otherwise><false-value /></otherwise></conclude><conclude attr-id="acca7bc0-4186-40c6-b429-954bea1ff441" entity-id="global" scope-id="global0"><value><true-value /></value><condition><equals><attribute attr-id="ea9f3b46-a1cb-4ef4-a29b-08c04f7bb7b2" /><string-value>MARRIED</string-value></equals></condition><otherwise><false-value /></otherwise></conclude><conclude attr-id="a97bde44-8ead-452f-b8f5-a5b02d72e5de" entity-id="global" scope-id="global0"><value><true-value /></value><condition><and><attribute attr-id="e997f023-c878-4430-ac94-58a4e25b26dd" /><greater-than-equals><attribute attr-id="8efad562-fbcd-4b55-8318-3ea74d430533" /><date-value>2017-01-01</date-value></greater-than-equals></and></condition><otherwise><false-value /></otherwise></conclude><conclude attr-id="69844d87-f833-49e5-ba7a-b14665722981" entity-id="global" scope-id="global0"><value><true-value /></value><condition><equals><attribute attr-id="cfc856a5-33ce-4ae5-a734-7f8521ddaa63" /><string-value>EMPLOYED</string-value></equals></condition><otherwise><false-value /></otherwise></conclude><conclude attr-id="06c5cc05-4c55-4b2f-8377-10f327944a96" entity-id="global" scope-id="global0"><value><true-value /></value><condition><equals><attribute attr-id="cfc856a5-33ce-4ae5-a734-7f8521ddaa63" /><string-value>SELF-EMPLOYED</string-value></equals></condition><otherwise><false-value /></otherwise></conclude><conclude attr-id="5efaf69e-d9d4-49eb-a041-7485a835b462" entity-id="global" scope-id="global0"><value><true-value /></value><condition><less-than><attribute attr-id="30d5c7ea-2599-403d-b52e-cc09e71e50cc" /><add-months><attribute attr-id="179a9ed8-ddc5-461a-bb7c-285cde9ab39b" /><negate><number-value>3</number-value></negate></add-months></less-than></condition><otherwise><false-value /></otherwise></conclude><conclude attr-id="ce1f9cea-7881-4233-bc25-17356d5878ab" entity-id="global" scope-id="global0"><value><true-value /></value><condition><less-than><attribute attr-id="f70e8130-979c-4eb9-8f48-485b11a51854" /><add-months><attribute attr-id="179a9ed8-ddc5-461a-bb7c-285cde9ab39b" /><negate><number-value>3</number-value></negate></add-months></less-than></condition><otherwise><false-value /></otherwise></conclude><conclude attr-id="75908f1e-330e-4a04-a205-361bc9c678b5" entity-id="global" scope-id="global0"><value><true-value /></value><condition><greater-than-equals><attribute attr-id="4d000172-95eb-4356-b1ac-7d9fe0b99818" /><date-value>2017-01-01</date-value></greater-than-equals></condition><otherwise><false-value /></otherwise></conclude><conclude attr-id="26248835-a658-4070-b1d8-94f30bcab703" entity-id="global" scope-id="global0"><value><true-value /></value><condition><greater-than-equals><attribute attr-id="dd10662b-6b0a-49fc-bc32-4fcf7a09082e" /><date-value>2017-01-01</date-value></greater-than-equals></condition><otherwise><false-value /></otherwise></conclude></rules></rulebase>